{
  "random_forest": {
    "accuracy": 0.9230769230769231,
    "precision": 0.9230769230769231,
    "recall": 0.9230769230769231,
    "f1_score": 0.9230769230769231
  },
  "svm": {
    "accuracy": 0.9230769230769231,
    "precision": 0.9230769230769231,
    "recall": 0.9230769230769231,
    "f1_score": 0.9230769230769231
  },
  "logistic_regression": {
    "accuracy": 0.8846153846153846,
    "precision": 0.8935801041064197,
    "recall": 0.8846153846153846,
    "f1_score": 0.8875739644970415
  }
}