{
  "random_forest": {
    "accuracy": 0.9615384615384616,
    "precision": 0.965034965034965,
    "recall": 0.9615384615384616,
    "f1_score": 0.960974922513384
  },
  "svm": {
    "accuracy": 1.0,
    "precision": 1.0,
    "recall": 1.0,
    "f1_score": 1.0
  },
  "logistic_regression": {
    "accuracy": 0.9615384615384616,
    "precision": 0.965034965034965,
    "recall": 0.9615384615384616,
    "f1_score": 0.960974922513384
  }
}